{
  "auto_generate": true,
  "num_lines": 6,
  "num_products": 8,
  "num_periods": 12,
  "manager_max_horizon": 5,
  "max_actions_per_period": 8,
  "lookahead_days": 5,
  "backlog_cost": 15.0,
  "holding_cost": 2.0,
  "capacity_per_line": [
    23.83,
    23.83,
    23.83,
    23.83,
    23.83,
    23.83
  ],
  "setup_time_offdiag_range": [
    2.0,
    6.0
  ],
  "setup_time_diag": 0.0,
  "setup_cost_per_hour": 1.0,
  "demand_range": [
    1000,
    3000
  ],
  "eligibility_matrix": [
    [
      1,
      1,
      0,
      1,
      0,
      0,
      0,
      0
    ],
    [
      1,
      1,
      1,
      0,
      0,
      0,
      0,
      0
    ],
    [
      0,
      0,
      1,
      1,
      1,
      0,
      0,
      0
    ],
    [
      0,
      1,
      0,
      1,
      0,
      1,
      0,
      0
    ],
    [
      0,
      0,
      0,
      0,
      0,
      1,
      1,
      0
    ],
    [
      0,
      0,
      0,
      0,
      0,
      1,
      0,
      1
    ]
  ],
  "processing_time_matrix": [
    [
      0.00825,
      0.006194,
      0.0,
      0.008139,
      0.0,
      0.0,
      0.0,
      0.0
    ],
    [
      0.007833,
      0.006194,
      0.007167,
      0.0,
      0.0,
      0.0,
      0.0,
      0.0
    ],
    [
      0.0,
      0.0,
      0.007167,
      0.007389,
      0.007167,
      0.0,
      0.0,
      0.0
    ],
    [
      0.0,
      0.006194,
      0.0,
      0.008389,
      0.0,
      0.009306,
      0.0,
      0.0
    ],
    [
      0.0,
      0.0,
      0.0,
      0.0,
      0.0,
      0.007639,
      0.007639,
      0.0
    ],
    [
      0.0,
      0.0,
      0.0,
      0.0,
      0.0,
      0.009361,
      0.0,
      0.009361
    ]
  ],
  "product_codes": [
    "067",
    "072",
    "094",
    "100",
    "097",
    "089",
    "083",
    "111"
  ],
  "line_codes": [
    "LL5",
    "LL6",
    "LL7",
    "LL9",
    "LL10",
    "LL11"
  ],
  "demand_profile": [
    [
      0,
      0,
      0,
      0,
      0,
      0,
      0,
      0
    ],
    [
      0,
      0,
      0,
      3530,
      3877,
      5686,
      0,
      0
    ],
    [
      0,
      0,
      3428,
      3644,
      443,
      5964,
      0,
      0
    ],
    [
      0,
      1444,
      3944,
      2202,
      0,
      5964,
      0,
      0
    ],
    [
      0,
      0,
      1263,
      2236,
      0,
      5710,
      420,
      0
    ],
    [
      0,
      0,
      0,
      0,
      0,
      0,
      0,
      0
    ],
    [
      0,
      1600,
      0,
      1784,
      1851,
      0,
      0,
      0
    ],
    [
      0,
      0,
      0,
      2353,
      0,
      0,
      0,
      0
    ],
    [
      0,
      3149,
      0,
      2399,
      1939,
      4879,
      0,
      0
    ],
    [
      0,
      2189,
      2538,
      2966,
      0,
      5964,
      0,
      0
    ],
    [
      0,
      2189,
      1898,
      3644,
      0,
      5964,
      0,
      0
    ],
    [
      0,
      1444,
      3657,
      1822,
      0,
      5964,
      0,
      0
    ]
  ]
}
